{
  "runtimeOptions": {
    "tfm": "net8.0-windows",
    "rollForward": "LatestMinor",
    "framework": {
      "name": "Microsoft.WindowsDesktop.App",
      "version": "8.0.0"
    },
    "configProperties": {
      "System.Globalization.Invariant": true,
      "System.Globalization.PredefinedCulturesOnly": false,
      "System.Reflection.Metadata.MetadataUpdater.IsSupported": false,
      "System.Runtime.Serialization.EnableUnsafeBinaryFormatterSerialization": false
    }
  }
}
